sample_id,flat_1024_fluency,flat_overlap_fluency,treesum_fluency
3,0.8035598077795125,0.9459425962223191,0.9355637449453553
4,0.926072760598806,0.9252985998866775,0.8087965279451326
9,0.9522535545910674,0.9520314238620029,0.9499381880795065
13,0.9508425345294714,0.9508425646268339,0.9456981301189458
17,0.9565294025044176,0.9565294025044176,0.9484621958816877
21,0.8893503230055467,0.9462480189129523,0.9512725008738253
26,0.9142837060045003,0.9162068392117384,0.9503839056458613
29,0.9467615476749757,0.8820425281219458,0.9511470017712959
45,0.8548438404203594,0.9308850710919828,0.9532480243187462
48,0.9480327917943626,0.9480327588191286,0.9255175991293086
53,0.8679204014579546,0.859838862457927,0.9431977140742754
58,0.9133214108169926,0.9133213515183866,0.9213289645767471
64,0.8898549709896171,0.789478698657291,0.7068934804540137
76,0.9212531396411976,0.9212531174140558,0.9566927195852225
79,0.9185469955540092,0.9273676967206753,0.9290801597761338
83,0.9651583393079214,0.965158335682536,0.9497828179043595
94,0.8759631445900492,0.8760329696094771,0.8721738652227662
100,0.8383148858893523,0.8362848002492677,0.9472475222130875
103,0.9529696194803664,0.95296960076658,0.9466732438844122
112,0.9557438395765973,0.955743838049692,0.9377303239608559
115,0.9394417100977505,0.9394416972004687,0.9630705638691269
120,0.9404157374027641,0.8322572918266141,0.9483148612614182
141,0.9169739922448944,0.9169739922448944,0.9429143189256032
158,0.9298676913999607,0.9298676913999607,0.9307458414535436
159,0.9494954939903998,0.9494954957897184,0.9278104298493357
160,0.9579271106007073,0.9579271238391615,0.9504418915031283
166,0.5949757591306724,0.8516258320449284,0.7943065500027284
169,0.9450980956359765,0.9450097133084755,0.8348181036206705
172,0.9542199881397881,0.9542199953716916,0.949531854084317
193,0.9535258784160594,0.9458514995989749,0.8684379752804608
200,0.9499262579917609,0.9511954799029231,0.9486618810020734
203,0.955855847879999,0.9579422455033894,0.9348012095375329
204,0.9539175124887679,0.9143304810863684,0.8336361210722824
210,0.9530322234510067,0.9530322131807927,0.9562486952324843
211,0.8320311411296416,0.9546253388257527,0.9563609230533627
217,0.9575839166495632,0.9575839438266032,0.9565887022885424
220,0.9543258619092452,0.9506850309108803,0.9516343174244231
222,0.951458043453988,0.9531789640393559,0.9371613021266939
226,0.922850044786939,0.91967091956013,0.8165229341825148
235,0.9129653868304375,0.9129654101844225,0.9555960171900286
236,0.8705011857279937,0.8783598419547474,0.8630513232882286
237,0.9485938165950956,0.9561706576444339,0.8984436730741299
244,0.9567075989590357,0.9431968677749444,0.9592870047831425
254,0.9476514993523253,0.9479819577417927,0.9494941819783074
257,0.7856849759540085,0.7982384076627462,0.9425762349523695
260,0.9512923670856854,0.9512923435385646,0.9575830759771119
262,0.7270501445268955,0.9533523131973579,0.7948979321062306
267,0.920166713721126,0.8928465110220289,0.9220514672809661
295,0.9512976858160761,0.9512976905438004,0.8756618643434473
300,0.8733757537495644,0.8781583546019346,0.8533413211516884
313,0.9617160065462237,0.9617160270003989,0.9452677880426451
317,0.9255118277352776,0.8870092673440643,0.9080357308065427
325,0.9551643819631632,0.9551643819631632,0.933683061365916
326,0.9294181465268806,0.9261378761178192,0.9546239469707678
329,0.878269811784398,0.9597690411897363,0.9556534990091706
336,0.9525007738063085,0.9523346990441294,0.9544467481450495
342,0.9530715360238813,0.9531603069029234,0.9570523183384702
355,0.936718059264282,0.9582715854832334,0.9560225860114953
361,0.9527473839559597,0.9313479241849719,0.9480052352902354
363,0.9604964800877601,0.9604964800877601,0.9579971929552705
372,0.833505309560766,0.8792921154362414,0.8400402138382993
375,0.7842493791560482,0.7842494684000438,0.956631881093654
378,0.9482338883522449,0.950885357110876,0.9502044323551897
385,0.9424928442451899,0.9424929121481207,0.9499049885268722
410,0.9590242064440859,0.9590242029060877,0.9497185772597315
411,0.8527029258411483,0.7907234997306956,0.8908121074272128
414,0.8943372496625899,0.949607558086225,0.9516538845578244
416,0.947261518366366,0.9517998147517079,0.934355575796109
420,0.9567014331511364,0.9275123797282853,0.9571016082502154
422,0.9590994671232103,0.9599487128269157,0.9592909722458073
426,0.803605208922983,0.8260944675935091,0.9390854814913064
439,0.7402799948176989,0.9510598429294547,0.9445508683138883
443,0.9592004808624653,0.9592004647039846,0.7961630004319159
444,0.9489967002189762,0.9575576880198782,0.9479076122170863
446,0.812834228825585,0.9359714806715882,0.8145085650523811
458,0.9475463201287411,0.9475463090495833,0.9456065908293336
465,0.8230928953430332,0.8410851616114933,0.9282640239192117
468,0.9590383576500383,0.9590383576500383,0.9529823097769399
474,0.8827247098921603,0.8827247098921603,0.8984702612011252
479,0.9502049994523895,0.9465102030098375,0.9506984249710235
480,0.9490032110164179,0.9470537199965076,0.9591000625293294
482,0.9447028827989136,0.9113213528697646,0.9578936423513505
488,0.7423145576841257,0.7141429337498743,0.9397483355773819
493,0.8522681410730479,0.8633607822524952,0.8785633720333073
496,0.9622195243876289,0.9565161592711038,0.9494817501302149
499,0.9564557781334938,0.8537529293487065,0.9587037537777668
510,0.8748758080465324,0.8676871545911689,0.9414494465345093
520,0.9524010429399176,0.9524010578129551,0.8940729056375839
524,0.9580946329203037,0.8072079517020572,0.9157603576051687
526,0.9666257225630062,0.96662570167861,0.9577141347298412
535,0.9556576524282254,0.9554496382164206,0.7708713484112175
542,0.9470457564957716,0.9470457657928234,0.9565990100390984
552,0.913137310782695,0.9172550360187065,0.939927475057955
556,0.9475842739901307,0.9494195959897282,0.9217022872314427
561,0.9509201607228102,0.9509201625300616,0.9484961127977432
562,0.9579895952794235,0.9579895908287132,0.955384950139961
563,0.778910389837574,0.955219801768677,0.8167249915518455
564,0.8739201537360257,0.8739199617865667,0.9495124958591171
566,0.8979982470211364,0.8954748543150786,0.8277663373674455
568,0.9365475014800475,0.9055747276864069,0.9561671902763049
569,0.9548634518832235,0.9501903437422732,0.9600173943689866
573,0.9200676493714033,0.8895016968837879,0.8699288181751331
580,0.9170699413171236,0.8514072746834925,0.8645559491499942
581,0.9423776153049092,0.9355805137298739,0.954939555447658
583,0.9453672238057418,0.8251736300013892,0.934285706414955
584,0.9556389938967789,0.955638989833918,0.9589699232805217
594,0.9433932843899786,0.9401815406418979,0.9186288232065491
596,0.8996739016474117,0.8979703707896102,0.9177790676007966
600,0.958839821865398,0.9588398243208971,0.9573549573180542
606,0.9094340978928355,0.9475139010933967,0.8928140187447683
614,0.9458563069191449,0.9458563087224737,0.9458563101287627
616,0.9594094181061835,0.9610416085862561,0.9480805712221377
617,0.9411079921030887,0.9430332522186874,0.9527101865567755
622,0.9583294989715446,0.9612591562005175,0.8887788197967705
634,0.8587256384122494,0.874517911829443,0.901849951205777
645,0.9555672232004814,0.9499125356464371,0.954762193302759
653,0.9538795541862182,0.8611527434004287,0.9374120183020659
656,0.9607104853468905,0.9607104879074656,0.9618963527847363
658,0.9206153377089882,0.9350830130045631,0.9484228543989653
660,0.8397810969718136,0.9442914217872393,0.9532794234956738
665,0.836988831372381,0.7354033863721019,0.9399178501902666
670,0.8653250287327865,0.8653251417736672,0.8992064448754802
671,0.9537092201913023,0.9537092189334749,0.9482481375218007
687,0.9547292298578302,0.9547292329314389,0.9320796331019877
694,0.948268129065124,0.9455631301181113,0.8521425162225618
697,0.7589931102519435,0.9608078594492845,0.9572589026528691
701,0.9559693176127064,0.9559693176127064,0.9472045110180499
709,0.9471044882763547,0.9489307432287362,0.9559476060025062
712,0.7029240842758825,0.7029240842758825,0.9495124999156498
721,0.948948522442395,0.948948522442395,0.8928819714828001
744,0.955860424990177,0.955860424990177,0.9600075505250958
747,0.952496334055692,0.9536910784719934,0.9533857260348778
748,0.9415486607310702,0.9415486654852542,0.9489600922829271
756,0.9589124888569326,0.9556285444776669,0.8821099900008074
759,0.857081505704789,0.8462325289570676,0.854549124973353
762,0.7025259060425381,0.8423303752443638,0.9517182706472213
763,0.9355484895366737,0.9178517150582445,0.9453887613798176
764,0.9556292632301485,0.9532031687214823,0.937759420140224
765,0.880291022713925,0.8799492787738589,0.9332777635236933
767,0.9177759891633387,0.9177759660571753,0.9271958047404509
772,0.7884922827680971,0.8301303657580539,0.949087383265157
792,0.9580647097496185,0.9496651507579958,0.9577276410741372
794,0.7317220891544518,0.7317220614407227,0.8168632959314565
802,0.9579618351314207,0.9579618217537763,0.8620438461525936
806,0.9551703894590241,0.9551703938531024,0.9560045161902071
812,0.9420856270089438,0.9420856637622211,0.9177773814904125
819,0.957446526582946,0.9549566972618698,0.957497159867966
823,0.9519435334032682,0.9519435475521774,0.9578096592167709
827,0.9440066656729768,0.9440066559253584,0.9572796919161866
834,0.9412105860606365,0.9077705088054421,0.959848214764587
837,0.9569861792036234,0.9569861781377254,0.8239053466365823
839,0.9555916789618316,0.963569809662252,0.9580001030131977
840,0.9463977398678513,0.9456468073728933,0.9514130172287203
842,0.794074985760785,0.7804039501709795,0.7028518249579689
848,0.950170046843482,0.9510426878569808,0.8408835776553806
856,0.8431816734366169,0.9343808040648822,0.9581791802443921
864,0.9409374276525513,0.9409528204586792,0.9429749347705716
871,0.9536327375855702,0.952081984657337,0.9459995023849135
873,0.9481127654133843,0.9439863162283642,0.9565880633382623
876,0.9307887183822996,0.930788714520896,0.9312258918266874
885,0.9453366800289817,0.9453366465943268,0.7017181790129547
888,0.8391953088257054,0.888641254036058,0.8164440659947553
895,0.9452692204890905,0.9452692263586758,0.9326130180923926
898,0.8720785935964923,0.8523156059757145,0.9555106518544185
912,0.9573800288449231,0.9580851584827512,0.9565052790575497
913,0.9069460446299353,0.7607255938904071,0.7388035816186588
916,0.942685509013715,0.942685509013715,0.8307439664515729
929,0.8375543411714105,0.9045998413333187,0.9532127959034227
934,0.9540040342853583,0.9540040387614794,0.946999716148524
937,0.8019965184881264,0.816882802110278,0.7421474796490358
938,0.9606123329066915,0.9606123343391479,0.9632934756381503
940,0.9462597171144433,0.7527193265973818,0.8283729155441041
944,0.93152397486263,0.931523961674154,0.9466698512132021
945,0.6365537846351962,0.6365537809660391,0.7139046938452913
947,0.9406673140429156,0.9524718742405407,0.8708704511092521
949,0.8416612885108536,0.9569429747932849,0.9503774069383332
962,0.9478786948899319,0.9028291657753625,0.9544590177843105
970,0.9536971249614459,0.9542930706284738,0.9562432592774364
979,0.9467541681375268,0.9434441450220749,0.9559587208772286
982,0.885420237865713,0.920188127773304,0.9567083401626039
988,0.9387877662725705,0.9457527891885126,0.6677386177182137
991,0.876730274946668,0.913375618463083,0.927820254984339
994,0.9560399758039205,0.9560399687421656,0.9560399637456757
1018,0.9610187003794386,0.9553687540242863,0.9557760241483002
1020,0.9586275558067993,0.9581249912470516,0.8323199495278345
1022,0.8644218408997923,0.8644218573251523,0.8951801006180671
1030,0.9560630618038406,0.9560630422694014,0.9456242049098753
1034,0.6498718668559257,0.649871860026392,0.805043522295312
1036,0.7900041920428014,0.8477116827034024,0.7287812316754135
1042,0.9411894209082196,0.9411894138551977,0.882941813588052
1044,0.9529969386785981,0.9529969198270009,0.9409572660543638
1045,0.9496714852126765,0.9496714838954758,0.9452937159468109
1051,0.9562194617917532,0.9604851521139602,0.9546816591156381
1071,0.9540303349108049,0.9300588697844521,0.8186241830175339
1072,0.9283317297191834,0.8307947281618536,0.846552645556558
1073,0.7918182116227435,0.7727964277473542,0.810328214717393
1083,0.9451809866600432,0.9610091846197056,0.9549034942461998
1085,0.9371131947341359,0.9603447580715073,0.9593086509349378
1092,0.8288922264110413,0.8210952437165782,0.8753780442285903
1100,0.902821601753061,0.9015247437579765,0.9452246354577202
1111,0.9531527146794085,0.9521878744475517,0.9509901948284231
1133,0.9616446449297975,0.9616446742069495,0.9585163661881714
1143,0.9470661284742832,0.8028599630979679,0.9508845873686138
1148,0.9572394136011656,0.9507351154217236,0.9530535807554651
1165,0.8886285375392338,0.8741954005161071,0.8523264077649231
1170,0.9265003532643487,0.7731749985738516,0.8847687626354835
1184,0.9448167573468119,0.8644606987762472,0.8694499373087492
1207,0.8089273686645763,0.8258986990103512,0.8764015170084439
1208,0.9521963069230224,0.8779915504184486,0.9288207914919557
1213,0.9278624527604534,0.9158514574755305,0.9216024624989092
1220,0.9490601094353821,0.9366465982780793,0.9373498064038011
1221,0.9381401448014556,0.9293256482041511,0.9078495326951818
1222,0.9499552151825482,0.9383614621365873,0.9434125245283307
1235,0.9598415736967431,0.9501788502394956,0.9565617434645564
1242,0.9444410107647349,0.7911508348762835,0.9161706733022511
1248,0.9103339228226256,0.8639791621151268,0.9455199250504099
1251,0.7912600378336166,0.7755797941217789,0.9380414757365159
1252,0.9275231361851061,0.9275231371414582,0.9563727088481674
1253,0.9569988725217454,0.9582385731726799,0.9603150489747074
1261,0.9525104187470573,0.9525104144231301,0.9617511483746183
1266,0.9343456361616842,0.9334491694043959,0.9521645819899961
1268,0.9317539150711316,0.9317539380499146,0.9563575259921265
1273,0.9594219781412241,0.9567357586292096,0.9560560736769546
1282,0.9423779728441865,0.9447321685975677,0.9542477566559
1286,0.9476410160235592,0.9480144766945902,0.9515413796540663
1289,0.71887305849247,0.7453501840382761,0.7810827365046108
1292,0.8095491030352588,0.8365422447841021,0.7667354456433565
1295,0.9091460385740098,0.9369159764657521,0.9186432349079784
1297,0.8206056249374798,0.8206056278159564,0.9545438838053486
1303,0.9521110060241114,0.9520620796143103,0.9363875681949564
1304,0.9544789550248685,0.9600857667590497,0.854213185584192
1307,0.9495229229403434,0.949189586892175,0.9538685152325425
1310,0.7219501497047026,0.9033441910555577,0.8439598533040646
1317,0.9427905686580014,0.9427905682064895,0.9484051008213054
1323,0.9532650570214534,0.7892375729614598,0.958481849941289
1331,0.9621431377562887,0.9572806635386184,0.9118888998481153
1332,0.9550752107517452,0.955075204843897,0.9647783081057743
1338,0.9541742683578415,0.9541742668315909,0.9577364091950172
1341,0.8011991675627818,0.9525060132045913,0.9269683463681488
1348,0.9408482789838265,0.9245129960738602,0.9156463160322686
1352,0.9588685229288775,0.9588685626264875,0.917747163790139
1359,0.9372957211193247,0.9376393556749507,0.9479956263756472
1362,0.9502682839284845,0.9502682886224437,0.9564588659686942
1374,0.9483790361726264,0.9483790431976301,0.9452931991486239
1390,0.9358793380676464,0.7966499060001855,0.8170412734104564
1401,0.9404476410554521,0.9495170097091823,0.9353961210863385
1423,0.7962526304920715,0.9481475527792725,0.9121257897459552
1425,0.9577749773649318,0.9536375328498237,0.9492916920097748
1435,0.7804624441956798,0.7804624473669083,0.9371914344185783
1440,0.9474434520044432,0.9474434590938432,0.9584252621128844
1442,0.8644467979631867,0.867733128097051,0.9495385256475737
1450,0.7864488192131883,0.885799736542195,0.9500303066486363
1462,0.9485751235884258,0.942414340400056,0.9466166787707598
1463,0.9442635480925878,0.7920858100597868,0.9504982240220284
1469,0.9538129928773095,0.9538129943949012,0.8895975157489632
1486,0.9542317900722401,0.9571305193955876,0.8681392838138852
1488,0.9321079566679391,0.8740236338016688,0.9410763251299183
1489,0.9547708149618577,0.954770811776949,0.9476272531670578
1503,0.9470343990244113,0.9470343990244113,0.9399720126614398
1510,0.7436848460823062,0.7013004293279418,0.9432668485461844
1516,0.8657221414889982,0.8337856936016279,0.8216308196610338
1522,0.8230849108364948,0.8798448758202952,0.9570967002427517
1536,0.9458092143373227,0.9458092107647202,0.9101494775124548
1555,0.9554846813226943,0.9556573067534797,0.937128350493926
1557,0.9223169306543236,0.9530895307350519,0.9477794463823492
1558,0.740180486260613,0.7401804745479275,0.7669921449281271
1559,0.9594290418463064,0.9568769060643609,0.9566847470235491
1561,0.9502201213557979,0.932843708339587,0.9459314437622393
1565,0.9492657742586741,0.9395411002222727,0.9465269528726129
1569,0.9401621561746248,0.9401621254971426,0.9482433592183872
1571,0.9435301222959728,0.9470459990141565,0.9537465187363029
1575,0.8772161581941857,0.8876068391514077,0.8965924646464135
1577,0.9423903352398817,0.9408519210863798,0.9537342246284956
1582,0.9357956581284967,0.9503290924301862,0.8591442360032076
1590,0.9447227647389913,0.9461986683283892,0.8788930656084871
1592,0.9202476315501833,0.9035421413890488,0.9516104716945708
1614,0.9435836124173764,0.8649942841383051,0.9521495919318737
1620,0.9547491310196339,0.9547491310196339,0.8731580482517277
1624,0.8247874317745407,0.8247874297013755,0.9448553312923902
1628,0.9343824564946144,0.9343824932966418,0.9524348145589043
1629,0.9416810618422313,0.9479025401068648,0.9539316296086369
1631,0.8751418662401352,0.8751419072902099,0.9025242555043798
1633,0.9521748707412545,0.9527075871888998,0.9235702724587735
1634,0.9417078168455721,0.9417077972780356,0.8866246918154838
1647,0.8398575959068423,0.9229364665737086,0.9213749645977799
1667,0.9099041438771847,0.957188044565029,0.9592996518525974
1673,0.9035929106961671,0.9035342307045878,0.9543389248188748
1694,0.9554449542461586,0.9554449438002839,0.949771836799444
1702,0.8222167469585929,0.8222167362569602,0.9532497398089683
1716,0.9551581765908357,0.9551581878460963,0.9169680487453198
1720,0.9546823759925324,0.9078583319689231,0.7703854497930769
1721,0.941052560767778,0.9433192248396501,0.859858452615954
1725,0.9253187660619019,0.9233400027027138,0.9427424957556235
1728,0.871515647208101,0.8715156573742643,0.9300100173842957
1733,0.9486157357813859,0.9486157593813647,0.8676067138656387
1735,0.6164575478845848,0.8325314389860867,0.5949379039662154
1737,0.8733428389840542,0.9276373656356548,0.9526462612788603
1741,0.9608671908237,0.9569759237800626,0.9537380761457507
1746,0.9396101530446821,0.9396101530446821,0.9487807485029169
1750,0.9398736553434932,0.8393039410592676,0.8654035153695888
1751,0.9512021010246606,0.9433071978314836,0.8647223602926358
1752,0.8815358254097343,0.9601396796195545,0.9459443731105106
1755,0.9311202830510326,0.7857332148924737,0.7502733052792627
1763,0.9533312034755396,0.9533312034755396,0.9553272403155727
1772,0.8371558107641978,0.837155689438647,0.9236895801168371
1783,0.9477797122940329,0.9552306691364123,0.8382193822960058
1785,0.9373000128703133,0.9491231017306632,0.9479148376876637
1791,0.9512362854429374,0.9543090961562081,0.9517870004210994
1792,0.9472613871068365,0.9500168721404337,0.9533035704606678
1796,0.9595637454407564,0.962503543849848,0.9524520508277589
1797,0.8010217772948146,0.8528862560974149,0.8031864130413263
1799,0.9478996259955819,0.9353637911531619,0.954285612847729
1804,0.9404019278600847,0.9346584633022749,0.8548998561271394
1805,0.8730466708431356,0.8623620080271618,0.8794257224781679
1806,0.9477294094003522,0.9569187331252352,0.9537584593071323
1815,0.9581615435331612,0.9581615534003628,0.9621376434123905
1822,0.9328044165786871,0.9393525844060299,0.9551017067819447
1826,0.9494014344537725,0.9520489151161993,0.9565629491730755
1828,0.956759983211837,0.958960197637457,0.9288755200136459
1836,0.6986377403433116,0.7807409751171154,0.9413171878171552
1840,0.9557349284502402,0.9298469395660935,0.9434412575426465
1841,0.8794882277073197,0.8793356671945564,0.954273316109975
1848,0.9416496732401396,0.9416496523977743,0.8624704869014153
1863,0.940753417337005,0.8323057430930312,0.856565285383594
1864,0.9493829625353076,0.9447044009674627,0.9539137023634918
1866,0.9344173364444889,0.9344173313591304,0.9400733804388985
1875,0.9026499940529431,0.9223803689631316,0.9513256409214945
1876,0.8588944942700576,0.8588944850012855,0.9364439249168317
1885,0.8548827392930599,0.8462257312208262,0.9530401043104654
1888,0.9461792938888184,0.9461792856944262,0.9529016972528365
1894,0.830568448078749,0.8298037052274374,0.855038760028079
1896,0.9303795260969651,0.9536969291735532,0.9489673100208391
1905,0.9000346511228962,0.901778859914241,0.9556276162667988
1907,0.9447746893036135,0.7346078504712117,0.7551639005992613
1912,0.9515375189839451,0.9561815160388111,0.9530129005750363
1920,0.9550071154634809,0.9513104077428047,0.9357923805136679
1924,0.8558070308235711,0.7645956557251588,0.9463108037976578
1926,0.7769731455910446,0.9563752979313772,0.9544274489846603
1936,0.9587441149706944,0.9587441047307576,0.9557402095033511
1939,0.9416491231448727,0.9563570674705587,0.9447030732775308
1949,0.7992143382959703,0.7881281994624957,0.8701685884383904
1954,0.9496323732731687,0.9464712843290201,0.9454266808369094
1955,0.9562556663393939,0.9575559330701845,0.8793556615556856
1959,0.8987119014147122,0.8938388275322111,0.9576094396926855
1960,0.9245758557711177,0.9500904120423557,0.9500941159022567
1961,0.9551845836407541,0.9531385161103797,0.8681208253213337
1964,0.9455165136542919,0.9553834559699733,0.9561752112387737
1968,0.6913674855985117,0.7173054519475965,0.9410856007556052
1973,0.9278274696471513,0.925462681246573,0.9509083311779668
1977,0.9562740852941307,0.9552012871852398,0.9458216784916923
1989,0.8989739360738591,0.9372712629548199,0.9550950228472519
1990,0.8344556213285761,0.9288289501925296,0.9062944369154013
1993,0.9551784489608467,0.9113582434152597,0.9526435518339369
1996,0.928989661335797,0.9563153853200322,0.956704163544706
1997,0.9584819462392211,0.9584819462392211,0.9319855871018701
1998,0.9470946255438362,0.9470946255438362,0.9431716275702879
2001,0.9565960280947199,0.9565960369921453,0.9568852161251156
2005,0.9523332026949011,0.9498412053542682,0.956390949879944
2006,0.9487346240726237,0.9487346105400859,0.9172750450280889
2011,0.8779158661263523,0.9000532444297785,0.9637958986269702
2016,0.950656096995,0.9506560858317146,0.9469925617616181
2020,0.8221311000410525,0.822130862066522,0.954986726308892
2025,0.8784647038936141,0.7741929382701226,0.8332823439738846
2030,0.9547172346360376,0.954717222831046,0.9615074811099635
2032,0.9628782098687749,0.9628782160931372,0.9526697877639146
2033,0.9083200738122957,0.9101948166843745,0.9530872705101019
2036,0.7625576752563328,0.9476217582912181,0.9495648073796008
2041,0.782373737028069,0.9565341675871506,0.9561113083838005
2044,0.8484381149741956,0.8486672825083875,0.952157959883847
2046,0.9602835261799116,0.9422915933647851,0.669552890765221
2051,0.9549742691242294,0.9497494463509132,0.8454283845778653
2057,0.7980172268809259,0.950184068764484,0.9427301346220607
2059,0.9354262306223554,0.9322985657142565,0.9325219802782561
2066,0.9499828684836207,0.9499828976073115,0.9043705751928529
2067,0.9512745223458952,0.9604769853992464,0.9537346044874813
2068,0.9566797881745178,0.9566797881745178,0.9559328247176505
2086,0.9461556858489423,0.9443679645678952,0.8521439185865401
2099,0.8399429254498375,0.839942893052204,0.9498373862097896
2116,0.9502211775340186,0.9554523284130264,0.9575497828067443
2123,0.9273551758277951,0.9109409972568456,0.7927316964556448
2131,0.8235911875646709,0.9507270447439242,0.8952271589259448
2136,0.9622267018332602,0.9424807158271685,0.9473618360026776
2139,0.9325823444950988,0.8480901350699607,0.7163871794334771
2145,0.9494963226110124,0.9482605836003344,0.8751084823602477
2152,0.9291677939084266,0.9260018464257452,0.9518298551386144
2157,0.9555512027057885,0.8086659344262109,0.9548508434481793
2162,0.9433378886273953,0.9433378928358992,0.9540502618787207
2166,0.9470202446605357,0.8183128956881068,0.8434338240120598
2167,0.9398570113714984,0.9332484861486632,0.8935857494353666
2169,0.938333019297685,0.9443877689806216,0.9386429978987046
2171,0.9565760191190128,0.9490005973430624,0.9518232836323626
2172,0.93474481895361,0.9347448070475632,0.9501151402383787
2174,0.9421822077904527,0.801525550837935,0.9243526846455552
2175,0.9233624253111214,0.9233623461647354,0.8821833562629225
2176,0.7909820132833807,0.9236833250289956,0.9530172923519963
2185,0.9582600754386118,0.9582600742540809,0.9603588083976939
2187,0.9533393470383117,0.9536545954697618,0.9525956375603764
2193,0.9453617366792351,0.9453616928597274,0.8916763121711572
2198,0.7738460571622594,0.7738460305558583,0.957122728662895
2207,0.9525163388200476,0.9599020448385492,0.8841212684993586
2211,0.9071610304380111,0.8789796827286913,0.9145899169440586
2212,0.932635125926063,0.932635125926063,0.9429082983877317
2219,0.9423714005357705,0.9426781841921854,0.9382867222687449
2225,0.9314450422469771,0.9266092930484873,0.8575542332507012
2230,0.9348375376231426,0.9348375546193038,0.881707994640349
2231,0.9412150702271831,0.8797763016651178,0.9468948191191094
2235,0.9402395992282385,0.957498194196827,0.7483691642643374
2239,0.951786015462029,0.953661642223815,0.9543140167300992
2247,0.9471605644408869,0.8711807806865648,0.9298033446574601
2249,0.8028409691288536,0.8051450776209977,0.9500742571967962
2253,0.9502570130600926,0.9502570155726862,0.9604547440539687
2263,0.7793031241081965,0.8127811216754373,0.9104737660704142
2265,0.955797418482217,0.9557974015944124,0.9593739170046662
2266,0.9203566303918964,0.9203566437458716,0.9484478145545752
2271,0.9595824643466994,0.9538337920806547,0.9393338335059856
2276,0.9588341224439647,0.9591717567587125,0.9539907179112587
2277,0.9562811974738648,0.9562811974738648,0.9403808572998286
2278,0.9568206545960365,0.9577859038572641,0.9657109549054883
2279,0.9267969056561647,0.9267968872096727,0.8524084110544772
2281,0.8589026288451211,0.8589025686538703,0.9506785356240831
2282,0.6704081715218769,0.6623091071735635,0.9552054853446179
2284,0.9484300230909717,0.95877346773073,0.8040856466512676
2286,0.9047073879351805,0.9047074086631672,0.9455109779068588
2290,0.950930192188533,0.950930192188533,0.8827147103028115
2308,0.9532245463380007,0.9535846602890226,0.9436412913289206
2316,0.9367006270443627,0.9439336785815791,0.9560537167972852
2318,0.9380933630721704,0.9380933719813811,0.9320738654688138
2324,0.943919823903738,0.8723833347014983,0.9535789399540476
2329,0.9487424017234946,0.9243485119786695,0.9556647776086594
2334,0.9368111303370381,0.9537120547913733,0.9576113895173572
2336,0.8173512105521066,0.904303284377266,0.9468114410474207
2340,0.8415222034097998,0.8607357600774452,0.831512209364697
2350,0.8004319790629961,0.9474961042414703,0.9405238655369991
2359,0.9573153926872723,0.9536295388565448,0.9591818701319856
2360,0.9434167173869271,0.9434167351244811,0.9509389582097392
2361,0.953606913253832,0.9536069307788794,0.9504281653065058
2364,0.8850040883320011,0.9419129727204669,0.9321851064445472
2370,0.9534385866271673,0.9574386105263791,0.8870241318266618
2385,0.857950539110231,0.8879233253941722,0.9450060994676888
2390,0.8502164208760604,0.9291850421282715,0.9427033852715919
2393,0.9550118886982994,0.9556809406457999,0.9581404833023658
2401,0.9390093060655529,0.9355554769616274,0.9546462720651099
2404,0.8582778700657827,0.9306876116622598,0.8077158013151032
2410,0.9617480587536222,0.9617480169677728,0.9183425090027489
2422,0.9611948365506114,0.9611948537249283,0.9377564604458488
2426,0.9503777963194024,0.7289042473943311,0.7315397339011217
2430,0.9459998029944796,0.8903793093883939,0.9494636811604262
2435,0.9622002932454325,0.9352539921796511,0.9483249650318101
2444,0.9596218529721113,0.9590075253895917,0.9572505731020663
2446,0.8228521478716087,0.9492002515901858,0.8607141668568602
2452,0.9520958381177854,0.9520958378268211,0.9315768350948205
2457,0.9517460884229196,0.9556224024180228,0.9479645315953501
2460,0.9070254660447007,0.9070254607746543,0.9209909441515818
2465,0.9609923940749114,0.7762577701553386,0.900358622042494
2470,0.9035883717166171,0.8960417720683289,0.948582171902667
2476,0.9499532353891266,0.8970190252840494,0.9478037917416161
2478,0.9611273202455285,0.9613722075345837,0.9490272203003866
2489,0.9539892419769698,0.9424627881614068,0.9539359907060764
2491,0.9449005931658592,0.9512699386709468,0.9418835133337021
2500,0.8711165773822576,0.739956748251466,0.8573462817229727
2501,0.9541800822770218,0.9541800926324406,0.9587550270680545
2508,0.9441945887823963,0.9531182693706207,0.9555788247765322
2511,0.9521520594011144,0.953061513594419,0.9417722029707116
2519,0.9423125753593227,0.9491828766534283,0.9216192952976636
2525,0.8169853047287254,0.8150957946380837,0.8123640682619391
2533,0.9502478199817631,0.9502478135482659,0.9465309056671989
2542,0.8026560393472786,0.8335729844370604,0.7269032612475065
2545,0.939656399855032,0.9378114765960002,0.8154531831137853
2548,0.9512958953523034,0.9512958763805939,0.9265157240739107
2553,0.9445892774761987,0.9379540171518299,0.9225465261295301
2555,0.8638248291180004,0.7733820916180041,0.9189259266170712
2569,0.9360553533708393,0.7931501564237678,0.9357382643631625
2571,0.9472592028538216,0.9469411724937661,0.9497369680349441
2573,0.9611812213711567,0.9610676365670233,0.958214885211422
2576,0.9543272403858392,0.9043209657965878,0.9381131107261498
2577,0.9506566088163462,0.9530168240543866,0.955276718030046
2584,0.9526789931957504,0.9526789857687736,0.9527166427196573
2590,0.9421962481223368,0.942196232044663,0.9572145537970455
2591,0.9105666575979134,0.7754735168806118,0.9133874118968163
2599,0.944303192606762,0.944303173879903,0.9308843256418685
2619,0.9483255007217899,0.9539952527150853,0.936583067646842
2630,0.9536649390882822,0.9536649462123297,0.9517733332186176
2639,0.9595250457089763,0.9595250422006644,0.9293339091186149
2640,0.9492243792341769,0.9509780451429719,0.9384498585029606
2648,0.9598298940388341,0.9598298866221955,0.9478112976307785
2655,0.9204969417278611,0.945153074103317,0.9521999334896477
2656,0.9473600959964833,0.9436521331797408,0.9077003504932938
2662,0.9563541501795555,0.956299978768488,0.9572219938504049
2672,0.8930289712742194,0.8382304579711208,0.9046130879663772
2677,0.9359552373670917,0.938868053508325,0.8864023382439183
2681,0.9580584923381048,0.950765854575794,0.9604201211096222
2689,0.900713065681649,0.9007130656530586,0.9561255003900312
2701,0.9505574507972855,0.8620134353820567,0.9519196322194408
2704,0.9630138577834061,0.9582482831694763,0.7792997370865534
2706,0.8951783312769362,0.8865588361905594,0.8600721742698405
2709,0.9254793134079111,0.9254793793753773,0.9437035630734891
2710,0.9553912301264931,0.956892753384481,0.9584997280033878
2712,0.9361835687178635,0.9278349011195355,0.9581254447379081
2721,0.8626428192797172,0.9397919680927971,0.9357976255505861
2730,0.8332599127536838,0.8332599127536838,0.7188637199660906
2732,0.9557078065401947,0.9557077921839129,0.9535259823899984
2745,0.9468812296316614,0.9441702239702126,0.9435420865596704
2751,0.8867432918146023,0.9430389611245179,0.9143300910104923
2753,0.9287121185316991,0.8516313559636708,0.9381583258990863
2755,0.9483946536526202,0.9222997343648842,0.8924615264466212
2757,0.8506144086006249,0.8254829251348028,0.853759436938574
2764,0.8513822266046424,0.8513823048673481,0.9014806164270561
2769,0.9510314138842477,0.9510314313358906,0.9502899669459061
2779,0.8248418375950811,0.9046160856128906,0.8928143316470887
2786,0.9479510062269676,0.9479510170504041,0.9427383714278703
2787,0.9602136736928706,0.867001402234415,0.9513585831688905
2788,0.9568186722998988,0.9442714324901951,0.9300883513987618
2791,0.9399269114314909,0.936842207183789,0.6845000766352565
2795,0.9291326073572452,0.9291326058376487,0.8391958085476061
2808,0.6959922497676505,0.7033982271753138,0.8140829314927149
2816,0.9403150709581722,0.8629482726189038,0.8872131469625635
2817,0.9439985737985371,0.9486229612235845,0.8184221376769165
2831,0.9508073086758557,0.9508072818255099,0.8205306505692036
2844,0.8463433604844489,0.9496609470433245,0.818009178401221
2850,0.9592589022043551,0.9592588864059266,0.9371694341885625
2859,0.944948833232723,0.9481466320368356,0.9316515503927778
2864,0.9501095505224414,0.961235806138122,0.9542357155487405
2866,0.9293976180440062,0.9293976301937007,0.9604477656691717
2876,0.9609186804417874,0.9609186983408842,0.7269060653454321
2881,0.9332144869745379,0.939786521743425,0.9400575961404295
2882,0.9359678158815354,0.9359678158815354,0.9616698623894189
2897,0.9512787393239727,0.9485897193458662,0.9151650335194623
2902,0.8445707391288286,0.9537175921447355,0.8876379480687303
2906,0.9422888238913832,0.9381482560054955,0.9403436807547639
2910,0.9509705518268802,0.9396447164277765,0.9540172626986752
2931,0.9106162373774705,0.9121594904546276,0.7540430725233883
2940,0.9587385763870021,0.9524069606740011,0.9528465109636214
2956,0.9561596078347806,0.9518759705331878,0.9261118315475021
2962,0.9488952261340109,0.9548443557855116,0.9569628288807898
2963,0.9458352121015319,0.9259930721856803,0.954769723239763
2965,0.9540651019047729,0.9540651111802498,0.9022600474320839
2967,0.9011695190244537,0.9011695095094115,0.9589091144476293
2973,0.8028781273564337,0.7134128850243405,0.9515572264648807
2983,0.9240989066292838,0.9566699834897104,0.9208782923221467
2987,0.9208253440176206,0.9208253494608122,0.9527887314439636
2988,0.779534524476945,0.7547187343465688,0.7463765953744743
3021,0.8555765313128774,0.8469586548571296,0.9384608792521894
3023,0.9311798337866257,0.8965198406273907,0.9070358616048034
3024,0.8694620979428765,0.9625519070688364,0.9557394313028779
3027,0.9448990053361176,0.9448990213626227,0.9540684720672463
3032,0.9547293512548599,0.9011531243403275,0.8606551514390369
3035,0.9091102310393235,0.9091102254072707,0.8150584831500602
3059,0.9073219473121017,0.8869850887701383,0.9431207302212125
3063,0.7143694171937156,0.6584449387640611,0.7760014126458454
3074,0.9505791907580549,0.8571571460170299,0.7894256152523149
3100,0.9397770147204086,0.9432333070156358,0.9471504898813191
3104,0.945709614615033,0.9457095590674139,0.9523937170524297
3105,0.8528509765253872,0.8356667280925633,0.8177284139774232
3108,0.9331817198379065,0.9290352784554656,0.9515048710021679
3112,0.9607236278031791,0.9607236278031791,0.9608629673524415
3113,0.950173136529639,0.8554380504116302,0.948021901958352
3116,0.9431794194483464,0.946293910422627,0.8993038355562966
3126,0.8132861087290959,0.8132861103744129,0.8960367953843781
3133,0.9565227733712361,0.7406500621085771,0.9331816790810171
3137,0.9433221462869841,0.9433221750095221,0.9564803354985348
3142,0.9139243283879861,0.8740126461913043,0.866101010702767
3145,0.9396852960116675,0.937347450247317,0.9353414197554641
3152,0.8126298539103183,0.9423878299123121,0.9100883521452965
3155,0.9117423450829829,0.9071705105757886,0.9070290325836485
3185,0.9484185669354064,0.9493448985823556,0.8835725276223694
3190,0.8550826246820585,0.9436316656644809,0.9606380513663229
3194,0.7568400971568453,0.8512060450703532,0.9362809483264295
3198,0.9573281141049174,0.9589879129816542,0.9436434229737184
3227,0.925123033275113,0.9251230290021165,0.8595899008418751
3241,0.9215779194754387,0.9511013006465558,0.9523025825946227
3242,0.9472581793831394,0.7892689250561574,0.9592262044555676
3249,0.7876181412146006,0.7876181682409081,0.9509171885658918
3264,0.9567257619815003,0.9550004649000055,0.9421401025598276
3268,0.8096770176540545,0.7903626682652548,0.8307788475935741
3271,0.934711368597441,0.9359646354517768,0.9561150941657768
3273,0.9385314309079242,0.9385314029322864,0.8960180508886286
3274,0.9523219468677796,0.95294187088677,0.7826365349819068
3280,0.9555986388890785,0.9572113189590412,0.9446527916446466
3282,0.834052148508018,0.9321667961736784,0.8119063838713744
3285,0.9426783358293147,0.9178739159534792,0.9151513093438168
3286,0.7689266630865632,0.7368081863883327,0.9415708904533979
3296,0.9431807658809347,0.9431807858475688,0.9589581335365115
3297,0.8753329788035665,0.8350619342524951,0.8854083646585222
3298,0.8136092811200162,0.8136093781774686,0.8627104163503975
3307,0.9503104518262419,0.9585460217573097,0.9621877768263942
3311,0.9446517147153832,0.9446517344123755,0.9591369833301299
3312,0.8414263927284484,0.9265491935609789,0.8215438462178948
3326,0.8529213593557959,0.9556936398383384,0.8750501160403383
3329,0.9591255209539118,0.9558487086033703,0.9596390953407999
3334,0.9336583342148789,0.6558573380571856,0.9266018421251785
3339,0.9569168495297998,0.87066262039647,0.9475308619111621
3342,0.9032556270135333,0.9032555831815402,0.9566719334073192
3345,0.9383915618649384,0.9524025226407337,0.9509049299003313
3346,0.9231366907713716,0.9231366740932678,0.8660689384702682
3367,0.9551025453806246,0.9551025431970009,0.9526502362935159
3372,0.8384416838566744,0.8511499451814023,0.8369650457909138
3377,0.9493780873201919,0.9405806699748912,0.9578569008012117
3385,0.9068163168002509,0.9132653735585851,0.9220460877250691
3395,0.955401983119808,0.9554752195469369,0.9120067699881117
3398,0.9568787028517429,0.9568787052916649,0.9175767156320421
3403,0.7790750897113007,0.8679352608935481,0.9525023686578402
3406,0.9618859753388598,0.9618859674439157,0.9583511911835494
3409,0.9456968855495296,0.954990554704862,0.8810661593848735
3432,0.7201003428253508,0.7253757157129813,0.8302931046937291
3434,0.9010658302243753,0.8930922813015312,0.9031977071982035
3436,0.9635300932583988,0.9494549531768481,0.830136204922891
3441,0.8018729292075907,0.9538597630995194,0.9490629263406652
3444,0.9626495181951196,0.9626494914504177,0.9626495162514652
3453,0.909724781870644,0.9097247716119512,0.9434053740165418
3456,0.9367681805272842,0.9358876262934321,0.9526652842434749
3458,0.9522021164604191,0.9522021049418932,0.8398098770692435
3462,0.9504810203148198,0.9532097655047136,0.9563263330194612
3465,0.9493429133713404,0.9493429133713404,0.946190911820017
3466,0.8620471671168334,0.956304187328848,0.8771182463293355
3469,0.8577538898001023,0.8581380039221768,0.8624410020898575
3482,0.9237252101106875,0.9237250876352018,0.8894345710446335
3485,0.9511669684088044,0.9128162595956408,0.9542114348445345
3495,0.9594765428800642,0.9628752878210921,0.9605267902942913
3503,0.9607950453548241,0.9598464227792416,0.8408239919217279
3509,0.937416579845606,0.9374165839204309,0.9500149057800551
3511,0.9365475348058913,0.9365475268845083,0.952768541898533
3512,0.8687360938188968,0.8752233793253212,0.9553415695806747
3520,0.9613308298321872,0.9613308543728515,0.9007235875226206
3521,0.7766146645275129,0.8465586196851692,0.8757596411847228
3531,0.9574574322631051,0.9574574207818252,0.9415140975124572
3533,0.9498228542342602,0.9561100529753299,0.8811163319872847
3539,0.9466479378863893,0.9466479204871652,0.6632784271191797
3551,0.9378120418559762,0.9291459101474628,0.8319609375328048
3559,0.9252829483394118,0.9379645320749501,0.939961291039516
3561,0.9582883994940463,0.9582884167365018,0.9444632061154524
3567,0.8609314253326145,0.9419671149138343,0.9545586836572865
3568,0.9542880766597067,0.9425666964139514,0.948222851849259
3570,0.9557845453919903,0.9557845453919903,0.950182481740477
3572,0.9577068091232539,0.9577068108776841,0.9647876920821645
3574,0.8501663482370183,0.8501874188767534,0.9565122748250272
3586,0.9608447626191867,0.9183005692478448,0.9594278963726909
3588,0.9281971790050776,0.9481417772977052,0.9047311971039328
3589,0.9470255300967912,0.9475040222368892,0.8766700444406808
3597,0.9224819812812194,0.9447324581192332,0.955452384669203
3603,0.9543744462313208,0.954374430934978,0.9546099913509055
3608,0.951269321597823,0.951269321597823,0.9459385627690201
3619,0.6015735398728783,0.5226759362106322,0.8703227283501445
3621,0.960117438454171,0.9591583408280666,0.9549554099233466
3622,0.9577055727434843,0.9577055972354338,0.9565263942169847
3625,0.9571560911931318,0.9551570957326612,0.9218322698175744
3626,0.9439667675772692,0.9439667646689258,0.9089930814779046
3630,0.9596044958185175,0.9594042193819824,0.9612311806570415
3652,0.947539298506959,0.9522325630394547,0.9371325820378876
3671,0.9510385208480433,0.948938279208237,0.9444076249708481
3675,0.9444399682536151,0.9461896942340364,0.9340644790054332
3679,0.9273009695429419,0.927300950197011,0.9467895646154165
3686,0.7609232882855068,0.950397683363635,0.9572448565214586
3690,0.9521887553143978,0.9388828476309583,0.953786827701683
3692,0.9587254553641298,0.9517749449497487,0.9581721751760863
3698,0.9305430846653031,0.9412210226686487,0.9494177882031442
3714,0.9447963693526803,0.860562041805257,0.9301367109747494
3716,0.9342308617708264,0.934521171108324,0.9511954111981854
3717,0.9432266302978493,0.9586890335856088,0.9582028114428857
3719,0.9391071606806577,0.949945565068586,0.943453594246648
3724,0.9414928925629165,0.9418481824134262,0.7932692566040764
3725,0.8944498948103747,0.8839738834300194,0.9573508300718702
3727,0.9378853045443196,0.9137975455334744,0.8925265012651477
3730,0.8562042205231492,0.9239490051622163,0.8999843061643028
3739,0.9440611660778843,0.9440611356147376,0.9492493638844137
3741,0.9412769111610736,0.8263481040232207,0.9511645464598227
3745,0.8884057574368885,0.913219542050175,0.9229105704462841
3754,0.9499780633168518,0.954431153660794,0.8860214528161785
3758,0.963455670484285,0.9634556846739167,0.8945391755736837
3763,0.9499405244136341,0.9510855434138042,0.9532727447985377
3766,0.9543076081494395,0.9543076017119395,0.9282680015847923
3770,0.9408837412478829,0.8502385491427602,0.8439163551399897
3780,0.9415192198027622,0.947653800828152,0.9329756385000397
3782,0.9561189896174502,0.9570140282865229,0.9521120988314166
3784,0.7959407051932987,0.7959407246247365,0.7772919432263387
3786,0.7993032882509002,0.7993033080998532,0.9536353832438442
3789,0.9525255419277315,0.9565270421275982,0.9527076735038625
3805,0.8186636617803651,0.7356114769382898,0.9200997714030633
3806,0.9479284543673838,0.9479284347598151,0.9521216437801102
3808,0.9514048970521647,0.9514049262565132,0.9461676628094531
3809,0.9584383877987823,0.8729480781855241,0.9565327151187517
3816,0.9570189688960582,0.9541141111319472,0.9573627583555774
3825,0.9480650591500004,0.948065025933626,0.9419737253200405
3828,0.7740056590127119,0.9439752621226047,0.8805782627426484
3834,0.9505242955819834,0.7413259907989732,0.8214418356631316
3839,0.83968691473688,0.8396869300968834,0.8837100724366367
3845,0.8075244249614165,0.9411330158211104,0.9530701288459624
3849,0.6341038072902233,0.8785067617571812,0.8949686318296078
3850,0.9654281725411138,0.9599275506885384,0.9544111040961913
3852,0.9591221552410882,0.9570702647376204,0.9333701396824805
3854,0.8059254924569507,0.8066414375746305,0.932951656347985
3855,0.9549348762310581,0.9549348838395041,0.9600507769236737
3868,0.904420172071134,0.9549834656671065,0.9313129257546174
3872,0.942975409532747,0.9429754032458368,0.9549644377585988
3874,0.8076621151831684,0.8076620830037301,0.7220945013145275
3876,0.9411697582400651,0.8668243083516518,0.954067316174524
3879,0.8211636743634043,0.8211636985663864,0.855161404458205
3888,0.9556663155110801,0.9574266735223789,0.9559362177020144
3892,0.9381516241964272,0.9493628232751323,0.9425143522206829
3893,0.8605735048833731,0.8742472599690652,0.8788100638680313
3900,0.8640574518642586,0.8493772897674466,0.8436027941212061
3905,0.9402436555027593,0.9402436063281397,0.9562982858898471
3907,0.9480353869704945,0.9554462869178887,0.9356903023694249
3913,0.9574679104119398,0.9603959557914188,0.9533718271956114
3921,0.6345514796918024,0.6900216788114254,0.5983786692582603
3943,0.9526134236854427,0.9551121316236929,0.9255733260501403
3952,0.9591980571007199,0.954699349240674,0.9301898895191193
3960,0.9197318654740088,0.9454697626976403,0.9471230526539416
3966,0.9100797925466472,0.9100797581824173,0.9006207208601351
3969,0.9542417446135827,0.9241582563667697,0.9048214394573013
3970,0.8077920771466821,0.8109794229714022,0.8283307066849707
3976,0.8674485129408651,0.8541161278069731,0.8858779869421683
3978,0.9491156643895655,0.9525588198504584,0.9445208573335432
3981,0.9173672442546165,0.9249902956221444,0.9492324435043852
3986,0.9434501196641438,0.9500776882141638,0.950274911210386
3994,0.9294193676092518,0.9277335349790092,0.878222391265831
3999,0.9077327286282714,0.9375833358175854,0.9086183217830541
4002,0.9489431773232911,0.9489431922524696,0.960987408308675
4015,0.9592888764861838,0.9592888490130672,0.9093166251561907
4020,0.9576272831663872,0.9576273066249065,0.8810433446434336
4021,0.5424229650919515,0.7433016383394595,0.9527965925642501
4028,0.8574457893790708,0.8618254533263316,0.8570113844098688
4042,0.798422116829437,0.9479246768742963,0.797368405766411
4045,0.9482250189855679,0.9499554956943386,0.9496314287014818
4049,0.6128540110192957,0.9549458341648721,0.9138325636775769
4058,0.9492638020735837,0.9492638020735837,0.9490443382889299
4082,0.9554915714171731,0.956431347296206,0.9543000599459639
4083,0.9556847264521379,0.9557351150732375,0.9513083661995254
4089,0.92097011877536,0.92097011877536,0.9483763224033378
4099,0.9012174307641354,0.9012174307641354,0.8758747745648624
4100,0.9550256704459684,0.8065752512853659,0.9535789414332243
4119,0.7570761175052857,0.7577242932636479,0.7430911613941757
4135,0.856144927881415,0.8892729385434912,0.9299750790099901
4139,0.9399508761718444,0.9399509172670844,0.9538514028733718
4140,0.9340878453427709,0.9507464479598207,0.8791795290008722
4144,0.7833663892565542,0.7833663666759857,0.833405528332276
4154,0.9512156889478639,0.9500540720316653,0.9544366411561179
4158,0.8461752431770987,0.8360497702503236,0.9453310683276737
4160,0.7975041775140852,0.8049078292933313,0.7294300189411055
4168,0.9509824226984541,0.9509823917616136,0.95098240153946
4173,0.9468331208821077,0.946833040150723,0.9381578239054399
4174,0.82797897578802,0.8545628852376204,0.8314380140453553
4187,0.944080030983083,0.9440800848452987,0.9537968519558448
4189,0.947115233907988,0.9485323756268527,0.9149506887893946
4211,0.8623315052098343,0.8623315345031571,0.8851388771097832
4215,0.879259657299786,0.9042026710963795,0.9077572364913767
4222,0.9482230260581493,0.9552705566455336,0.8747058522220357
4232,0.9349608447320586,0.932214056828375,0.9458210816551945
4239,0.9560054118895284,0.9566614213668782,0.9493373749161453
4243,0.8463759575741275,0.8463759576661221,0.9081162200373898
4247,0.8632988843099192,0.8539591328136107,0.8746955888297662
4251,0.9406887636549367,0.9069761381411815,0.9536247994656197
4259,0.9325982457301921,0.8128941401419985,0.7786326753826217
4270,0.958703985721679,0.958703994996682,0.9524516902556194
4274,0.9491016046035367,0.9491016039463916,0.9499116453169213
4280,0.8369741648755057,0.8319947068077561,0.8641911791362042
4282,0.9476600310327518,0.7691724167730081,0.9464691664651487
4297,0.9162186100005955,0.9464242336643881,0.9466691537737315
4322,0.8430097552936039,0.9340806621371923,0.8866462270768096
4333,0.834471530230432,0.8081299830351707,0.9157638962547315
4334,0.840774733862547,0.8407748188790708,0.8992338524532457
4344,0.954618401707713,0.8573398632529186,0.9565071338928905
4349,0.9302816578963096,0.9449597368210062,0.9192026824306674
4350,0.955733444933244,0.8938409704529545,0.9529136330155957
4351,0.9499084403731366,0.9485050433615333,0.9554964092701971
4363,0.964001335411643,0.9640821630587859,0.8444268712863394
4364,0.9036689221509114,0.9036685219272496,0.9435999657650432
4375,0.849258195619574,0.8473826633227196,0.9520393044320339
4389,0.9556415130008057,0.9556415298274444,0.9572219024567987
4392,0.940615570846316,0.9405476785513334,0.8210961382767121
4393,0.9590228759298706,0.9562533538056626,0.9543611493687122
4398,0.9038518832116565,0.8076960968442386,0.7779602388097056
4404,0.905694746774006,0.8985410570099872,0.9097025699368603
4408,0.9542538479401533,0.940271059735804,0.9491861486898693
4409,0.9544120852387243,0.9544121177707476,0.9523761797208594
4410,0.9443042242001572,0.9203575334864796,0.8008964926233552
4415,0.8075091603201002,0.7898813925196912,0.9276030133065156
4417,0.9116006588459465,0.9116006912790281,0.9066395798355631
4418,0.9557692850775433,0.9557692862800149,0.9527891346009267
4423,0.9587825838143207,0.9587825870655721,0.9587825954286998
4424,0.7273964674010813,0.641018774825089,0.7464543466536414
4428,0.834601846762007,0.8931114683449473,0.8812023550516102
4441,0.9580239105629945,0.9510910126958144,0.953118870816756
4444,0.9429109148208367,0.9429109122766891,0.9618726566122628
4445,0.8677448114415178,0.94413622765846,0.952245609885515
4450,0.9471012205068892,0.9407782406071652,0.9529528662685721
4461,0.9470043713182205,0.949389138590118,0.9498894067630494
4464,0.9556813791194502,0.9556813959223595,0.9419433270181207
4467,0.7820350189786609,0.9416931582044809,0.860340132873521
4469,0.9563514805652901,0.9465991388212928,0.9500991905662501
4473,0.9445239848158448,0.9498585578529922,0.9424911702091802
4488,0.8188120855283999,0.9260888261176498,0.7850121713389879
4499,0.9595804519637905,0.8718451111073235,0.9627807297370905
4503,0.9525056038065612,0.9525565562960133,0.9354541970914417
4506,0.7007838063379603,0.7013689592440482,0.9201930101181126
4508,0.8408021333573577,0.9367731189766683,0.8621750980507024
4512,0.7558162590528168,0.7557802830699806,0.9060530185852935
4515,0.7172510740457276,0.8510451871326034,0.8152332976733279
4519,0.949074890459995,0.9576431898771214,0.9400335797485068
4521,0.9469248983786428,0.9469249066212873,0.9329493914549039
4522,0.9558966036179126,0.9558966501193614,0.9492077240268947
4524,0.9555075320632346,0.9475675563660723,0.9543067367290956
4526,0.9619073051383374,0.956678714833439,0.8486631615348227
4532,0.8486241242097337,0.9420283404014155,0.8373981089114705
4533,0.797031687853838,0.797031687853838,0.7965931108931856
4534,0.9483953550834325,0.8432226869849259,0.9439915151088417
4537,0.9551557564512778,0.9321414895682677,0.8606339091921584
4541,0.9471039790510424,0.8611455553782155,0.8749927481358093
4543,0.9496244222956395,0.9496244222956395,0.6412101191264717
4548,0.6313811973473693,0.6313812023410788,0.9043764354989552
4552,0.9430768673743403,0.943427242603194,0.9376500007031527
4553,0.8567643571700945,0.8591429575859103,0.9161674173823696
4562,0.8645220589963537,0.9451006123548187,0.8576260179935399
4566,0.890904255475886,0.8644309241019278,0.7325976024290597
4571,0.8699033761244966,0.9442728276671938,0.9470398453982136
4578,0.8194705435685228,0.851111993884819,0.7638872637971748
4586,0.9566832038162375,0.9577735201233883,0.9500699579678474
4594,0.7781239925196499,0.9442221669622253,0.9605732460383558
4597,0.9538561919953665,0.9538561924955526,0.9577043786992271
4598,0.9323441638150849,0.7684412281792262,0.9566466014167521
4610,0.9509322108848289,0.9509322190790185,0.9530910828980911
4612,0.9372126260496377,0.9372126308180623,0.9480501724135028
4620,0.9608656672355158,0.9566766707873839,0.6961960197106212
4623,0.9535111607148224,0.9322313706743649,0.7472854656237867
4630,0.9249982939438617,0.9249982728189233,0.5956269437303999
4636,0.9229757840063164,0.7044780175965119,0.9324315470576621
4646,0.9356567226931726,0.943563501662986,0.940016395522098
4647,0.8200394565311366,0.8200394565311366,0.8399849396067953
4658,0.8311956220439974,0.9376501050093327,0.8806810909342059
4662,0.9328185972590182,0.9468732305982162,0.9511169847966994
4666,0.9411296764419701,0.9414517068176667,0.925237163207452
4668,0.9507421658089569,0.9596868355075918,0.9427374058332219
4677,0.49851619060924124,0.4985161958741721,0.7942865601282025
4702,0.954254294772497,0.9550663158112668,0.9527001030330075
4712,0.8423736974012,0.9415921350786886,0.942067578287684
4715,0.9477279561629776,0.94772801879046,0.9503826925418362
4716,0.9569884126415711,0.9557219918337105,0.9521962409631932
4720,0.8449774908999632,0.764962018598803,0.8916336526747393
4723,0.9048863406818457,0.9037080633275608,0.815104483328083
4726,0.7971912125024628,0.7971912038428179,0.7334868518745502
4729,0.9543896893974091,0.9023390910820578,0.946121068293987
4740,0.9352430075763595,0.9548662292969287,0.7530314196657601
4742,0.9313747045546954,0.9264050013583405,0.9340147860294911
4744,0.9533316735401799,0.7759838789512125,0.9571802620451638
4751,0.9455863032293305,0.945586345617608,0.9468027105650394
4756,0.9463527800279903,0.9482797233189629,0.8438084844926249
4764,0.9624501636521103,0.9624501651549441,0.9614797939824259
4771,0.7990577146224808,0.9508358232290209,0.9562187730097887
4780,0.9621988864551986,0.9621988785927698,0.9555720308424632
4781,0.960242027348155,0.9620740169886791,0.9630152544678561
4784,0.8809704421632407,0.8809703823505718,0.880970333075077
4785,0.9350145938256492,0.9350145553252645,0.9624088741720151
4788,0.9556872755907369,0.9556872761685496,0.9536281722162183
4795,0.8809693615484561,0.7786088444999066,0.9176096206808588
4809,0.5621704488605043,0.5621704093451784,0.6896954488151406
4819,0.7847712485752525,0.8954483625006197,0.880387937158825
4820,0.9402632080369273,0.7163610142547674,0.9353899617917004
4821,0.9409675134761443,0.9365401391032662,0.9337553593468372
4827,0.8450754631134604,0.9464372222527221,0.9539060279179568
4829,0.8988575140915834,0.875955448838219,0.9507940700835347
4831,0.9530010208432828,0.9530010031831,0.9575825442094332
4837,0.9324109517469796,0.9443342530223219,0.9541969451724713
4848,0.9552829063617679,0.952790246436344,0.9446234662419012
4850,0.9573924331636838,0.9561649018957314,0.9558468029375633
4853,0.9498118649403269,0.9498118658465096,0.9339620284638747
4864,0.8783352497568754,0.9533774501177433,0.9342942681134095
4870,0.9617048821330296,0.9617048818330506,0.9606786841675357
4874,0.9365347468344495,0.7671205200286967,0.899292126466003
4877,0.9591419053296311,0.959141912676774,0.9511593013590106
4881,0.8440394846071624,0.8440395180375804,0.8062177799763782
4883,0.9557887708709987,0.9557887566832854,0.8743570324625235
4885,0.9500095416009765,0.9500095473941843,0.9488498080851577
4887,0.9595951182891352,0.9595951165049104,0.955347722013547
4888,0.8487551555262483,0.9395432488378315,0.9531758390031025
4899,0.3717671277130431,0.3717671277130431,0.9357336554145967
4906,0.9578937262350516,0.9578937424219773,0.9495111815584278
4910,0.9535530317358049,0.9515735004113662,0.8823988171534077
4918,0.9459552537077257,0.9492126311393518,0.9438869003952575
4931,0.8385244758144852,0.9441429671655447,0.9399624715506715
4941,0.9399505891230493,0.9544784537292794,0.9367660775497259
4945,0.9595852805502563,0.9071174699260033,0.9260602936705802
4954,0.944137125466523,0.9467155427477683,0.9565289712386992
4963,0.875228706617951,0.900880851105733,0.8925703045390823
4966,0.9605277802123414,0.960797814148305,0.903159844067585
4969,0.9349434768066341,0.7576601350899616,0.9531502896587768
4974,0.8599022634255735,0.9213002853261972,0.9502295253374716
4987,0.8919345758802163,0.953426177235774,0.9197769561467072
4988,0.9602758205808345,0.9602758223682247,0.9508404328209441
4990,0.951236428436108,0.9523150818458453,0.9306524052440382
4994,0.9519977719142106,0.9501140722194745,0.9478593798855379
4999,0.8311180601378776,0.7835322611600181,0.947952204730893
5007,0.9561376658360582,0.9554765515474944,0.9539931283829104
5010,0.9478333645030862,0.9123607957641198,0.9411660700961159
5018,0.946968107225151,0.9557175809087672,0.9527465309460417
5042,0.9574086868558092,0.9620389175936163,0.950444069792281
5045,0.9569612441197888,0.956380554676518,0.9566590508360242
5066,0.9542314180462977,0.9439978715566778,0.8706917147643459
5072,0.9524371256423938,0.9456131219633415,0.8498060456148396
5073,0.9524598888353109,0.956449445807166,0.9461689651757863
5084,0.95089133305616,0.9305220673554094,0.8667290827069648
5087,0.7992148877544667,0.7992148961041157,0.8414487269095707
5088,0.8345508732621781,0.865691809364511,0.9488176130904273
5089,0.9582729530920783,0.9598442043822543,0.9618222168441626
5097,0.948078267289051,0.9480782358867528,0.8905107556069884
5100,0.9561673285678418,0.9561673242193098,0.9561673487656972
5104,0.9576718688301074,0.9399383213573531,0.8735955287051116
5120,0.9569974800958567,0.9606215073935491,0.961692544122833
5122,0.9452804233295994,0.9483573286704678,0.9497914368167343
5123,0.959319249058142,0.9526959119809707,0.8436803297565552
5124,0.7797245635089366,0.9611584791392396,0.6923061045029983
5134,0.9134224105894391,0.9134224134963513,0.7886548462331179
5138,0.9486868910945736,0.9486868788614206,0.9552907494966728
5140,0.8694246555104264,0.9193248351551038,0.9442084315216585
5149,0.9404235874819071,0.9404235915497332,0.948045743799862
5156,0.9595468046245961,0.9612741815008128,0.9625159337274161
5159,0.830872178829228,0.9412401605760357,0.944605076306899
5161,0.9257907168828312,0.925697791088061,0.9420003815631767
5169,0.9642961021336236,0.8770194279769239,0.9515448599320117
5185,0.9464794230969465,0.8611217443458368,0.9161087040786347
5195,0.9527031261520913,0.9527031209080801,0.9585525993183492
5196,0.903940833329074,0.9580043729880336,0.961315437886381
5200,0.9536159451533164,0.9524566865652201,0.9351438365110889
5201,0.9019418108670904,0.9019417828001859,0.9561814258319405
5206,0.9037181896433462,0.8284714864330948,0.8581979482523391
5207,0.9527810866599117,0.9552622132339426,0.9162541843881508
5219,0.9595485512425067,0.9595485641512466,0.9559953776057531
5223,0.9459557662934494,0.9494161954575052,0.9510255288432166
5225,0.8574459414592966,0.9410101159609311,0.9617122012788757
5234,0.962835580622976,0.8095166593119864,0.9546446647731281
5238,0.9610909710901164,0.9553133854912194,0.863927611923562
5242,0.9537556967119782,0.9537556790215628,0.9573403754733343
5250,0.9462134902580155,0.9068224011160101,0.8200659095492296
5255,0.948872324254439,0.9519342784682356,0.9572126587973555
5265,0.9413553836262128,0.9408501406746049,0.9449460570745113
5266,0.8748201785661249,0.7611792812992237,0.8397091702195946
5287,0.9410792305468255,0.9530925468501545,0.9505065338128277
5291,0.9557023982843965,0.9575482241664186,0.7351586867616949
5293,0.9586022831880291,0.9457102778793772,0.9524529305056926
5304,0.8228312985529268,0.8228313056634345,0.859661757736649
5305,0.9538643811967742,0.823744204487599,0.9440364602425323
5306,0.9485500981767698,0.8044020687949206,0.8288787579365234
5308,0.9298688833753316,0.8625861143020197,0.9524882293943637
5323,0.863325468581193,0.6527969685035049,0.7738372526352959
5325,0.9505299476746965,0.9623200269774715,0.9574444286192492
5328,0.8305747843992984,0.9372253657134334,0.9218998018799356
5337,0.956044081206983,0.9533514792203529,0.9521698732212064
5339,0.8177608474363226,0.8536540382161819,0.648444984819226
5342,0.9531015289889953,0.9228695742972635,0.9452972924371374
5353,0.9393604616310035,0.9422847163189642,0.9427248910160893
5357,0.9335087524299692,0.9335087523506203,0.8347178172100471
5363,0.8768216706748652,0.9302882428374211,0.9623054891163692
5369,0.8673530163532231,0.952861745552085,0.8820439335444009
5374,0.9551631163279594,0.7740756203425212,0.8986808198692757
5385,0.9562215802655665,0.956221595643028,0.9605938419978325
5387,0.9587022082575842,0.9587022019724308,0.9505858691713894
5397,0.9422289429074566,0.8710074015832783,0.9601071803634823
5398,0.9616211406483507,0.9564170980226349,0.9577206019698301
5404,0.9529208007113861,0.9529207961878031,0.9474844323656582
5406,0.9411374200536535,0.9442176001141847,0.9528303972155745
5410,0.9525974498785844,0.9561959568453879,0.9585329183576501
5416,0.9469432886110971,0.9469432850290325,0.7892536665477765
5417,0.9591223259605276,0.9523546757007809,0.9561194165075998
5419,0.9536920179380239,0.9618600477978357,0.817639518266324
5422,0.722395672598435,0.7231703139119382,0.7094974126062712
5427,0.9549329756840255,0.9480890441443113,0.9500556741825121
5431,0.9539157954056244,0.9512735941041532,0.954924988242451
5434,0.8729728227714384,0.873491707808646,0.8056540893270843
5438,0.9564185706692356,0.9564185961361754,0.9551651441681498
5439,0.9549660122752216,0.9060588742881821,0.95027172811315
5441,0.9577049132471778,0.9577049026894869,0.9241010125653206
5447,0.9557674541111005,0.9557674435586743,0.9496497844056901
5463,0.8950397267690886,0.9414032055932638,0.8542370708301945
5468,0.7891899476438656,0.9535478490249978,0.8078505590119122
5471,0.8706162711828368,0.78836346994127,0.897781256253464
5473,0.9498642209837577,0.9498642402790949,0.9508427903803124
5479,0.9475306220743633,0.8079745448800723,0.9192718504634164
5480,0.9497656906896584,0.9497656857179076,0.9547332445605957
5484,0.8420222272565645,0.8802122800587588,0.8494998463880693
5486,0.9573845615879389,0.9573845641639634,0.9620536086139168
5487,0.9245575698121383,0.9245575222607448,0.9531650497144585
5489,0.9486750939915597,0.9465003649778903,0.9413547448891363
5490,0.9512879834109401,0.7936490607078022,0.8665744526516579
5493,0.956766892058711,0.956766892058711,0.9602022382522799
5502,0.957468702097066,0.9548172221742819,0.9466449004011441
5507,0.9553006290126722,0.9240453714320719,0.9492106319181599
5511,0.9519963186479706,0.9419137325580017,0.9435580536837842
5516,0.9101268579645988,0.9101268556261947,0.9588197773655345
5523,0.9599244054373748,0.9619244701899302,0.9518190124405163
5531,0.8685478215122181,0.9546194853396771,0.9264735093786199
5534,0.9389755555329252,0.9599424049793417,0.9285813510037537
5543,0.915779626865072,0.9157796295319298,0.9506026066119726
5548,0.9574840562615451,0.9574840562615451,0.9495125179690567
5563,0.9076120935745982,0.9137187142697591,0.9250883397446334
5566,0.9496841176714305,0.9496841168692504,0.8493814515885966
5572,0.7768905848926484,0.8210986372358172,0.9574644159786926
5574,0.9526027305577064,0.9548598911784788,0.9411715355606726
5584,0.9602638323855343,0.9070360452487761,0.9544093327081065
5587,0.9603961487566566,0.9603961487566566,0.9598286328286241
5599,0.947218991804298,0.9425842484945282,0.8618042057460481
5605,0.9487703392269861,0.8444442137164807,0.9016561982074001
5608,0.8314611701188876,0.8314611701188876,0.7356203615165202
